Rainfall,Humidity,Temperature,River_Level,Flood_Risk
187.27005942368123,42.959305018703375,19.15969893075671,10.417841918924573,1
475.3571532049581,67.93306631648507,18.644257967519994,12.153539560679212,1
365.99697090570254,91.10620851134857,41.71891031823628,4.5065505830949855,1
299.3292420985183,81.25574204866928,18.734116994732716,9.748237394497984,1
78.00932022121826,86.45928035030148,19.518240414502085,9.004443764012482,0
77.99726016810132,76.11483566975022,36.57893918462873,12.659625275035795,1
29.04180608409973,78.45935951624966,25.740894485768898,13.685218846737648,1
433.0880728874676,89.44369560957236,37.18486949343134,1.1701948006834153,1
300.5575058716044,47.47676062014301,12.287815514753483,10.436278866823097,1
354.03628889802275,64.25974745501983,27.06499177856845,1.7257011876762063,0
10.292247147901223,45.484660927372154,11.176476006414893,8.684021311082983,0
484.95492608099715,99.13676055976529,12.19286212093741,5.026858206611495,1
416.22132040021086,96.08415377806293,41.72531086705438,5.294872393309976,1
106.16955533913807,32.759876795795414,14.87358798911583,5.9414190483329925,0
90.91248360355031,79.3902620760982,28.6347238796326,9.698094286694541,0
91.7022549267169,94.7673822190966,24.38834609102473,5.676699519362769,0
152.12112147976887,42.64027415891334,22.157016419059495,11.257786708263925,1
262.37821581611894,69.75616613868407,41.494167099054536,6.663383398034176,1
215.97250932105788,94.08418083116293,10.763818887142133,1.9569448043394206,0
145.61457009902097,32.37621850100592,33.23263901614562,11.972637794777501,1
305.92644736118973,78.8194187072788,43.71880519747427,5.000616544297884,1
69.74693032602092,50.81443051607855,29.605886421164467,7.058736314389677,0
146.07232426760908,94.70773367635712,42.788786171158215,10.596214365106622,1
183.18092164684586,97.97407716157575,11.829025775010832,5.6543862000819685,0
228.03499210851797,96.09865423794038,24.657766167595646,1.7921991860540187,0
392.5879806965068,63.194995166022466,19.10552268367179,6.234894658179391,1
99.83689107917986,90.34298556925194,35.57873377432554,14.222280157720249,1
257.1172192068058,89.11845789745493,44.34539816740363,9.984281562179815,1
296.2072844310212,52.337033127027894,18.978552185548672,10.400708081340897,1
23.22520635999886,88.02408319054742,32.896111051592605,9.851950150926958,0
303.7724259507192,32.59053443008448,16.933417146590905,3.785889945432115,0
85.26206184364577,71.73889149374372,29.786558910006345,6.856674097431922,0
32.525796492639756,46.100618610139215,26.237637034091765,11.513157177086455,0
474.44276862666663,38.43968200440952,44.0201865371038,2.419220565744228,1
482.81601653727967,35.38672411404464,31.29845454437633,4.889938865255972,1
404.19867405823055,78.74021431146979,22.23272302303866,4.868467518521951,1
152.30688458668536,53.791247463764634,13.993352471077667,7.048264986323084,0
48.83605700319193,80.73367400701329,15.29363900572271,14.72516237319059,1
342.11651325607846,34.574943855925966,17.886092548293227,1.9450356535735072,0
220.07624686980066,52.07032364814272,18.783833146910432,8.26181392132833,1
61.019117422389414,67.7643904662736,39.771562024439824,3.5111055481709466,0
247.58845505563508,85.35062153872744,29.64279758988837,14.589471635736418,1
17.194260557609198,52.312675205244894,28.318681898102824,2.586249066184499,0
454.66020103939104,73.81239635059063,14.016910515422612,6.650414033062278,1
129.38999080000846,92.0184423765331,40.10488926723022,11.330389787684487,1
331.261142176991,73.11042317276133,35.298500612296934,10.863761992384234,1
155.85553804470547,46.30716323275436,12.368392666500055,6.918200916515051,0
260.0340105889054,31.70805470895766,34.7742284030419,5.851338351338056,0
273.35513967163985,90.90692117306509,29.02383760699261,6.566573299740188,1
92.42722776276352,31.4888587595271,12.860387101137238,4.6998676842209495,0
484.7923138822793,91.22911708789397,26.040522453502977,3.8746611418951975,1
387.5664116805573,67.02559938190484,26.964370049551643,7.76255576582446,1
469.74947078209453,95.73473889590274,15.80210890571465,4.7594725849465025,1
447.41367521382443,85.91482650415658,43.09943514500988,5.024463308561502,1
298.94998940554257,99.85538773733363,39.74913800182317,10.1945848886438,1
460.9371175115584,54.54982708161971,33.415781806518794,14.559522643798491,1
44.24625102595975,83.70318022517888,26.180344635021253,9.45092080783125,0
97.9914312095726,58.13516395264695,24.411793955457796,2.0777125389095277,0
22.613644455269032,63.59129342127362,32.7840713502834,2.0581705939569375,0
162.66516538163216,73.9253824252859,29.090115429241692,14.319925091837924,1
194.338644844741,91.15739799304372,12.179558705865997,5.162071064302671,0
135.67451588694794,98.88584284395066,27.93759270696161,2.288937805154656,0
414.36875457596466,83.77913897051627,38.22412660314939,9.386624220105341,1
178.37666334679463,59.243674751713364,26.073395715893533,9.731082896063725,1
140.46725484369037,59.494990159394916,11.818480214399393,10.079067481661633,1
271.34804157912424,81.6307611112224,37.51973697844116,4.743628390005578,1
70.46211248738132,46.71440020378117,17.047732374759104,1.2115495790026505,0
401.09849037701986,37.733187919197626,19.05172922108136,14.510215172362606,1
37.275321839885414,54.82355103485436,15.764722370130357,4.512502639675435,0
493.44346830025864,50.10672941578572,21.557527270502412,10.464368032735665,1
386.1223846483287,50.741568431919305,36.486302699102225,10.892818178301933,1
99.3578407670862,46.35254257349369,28.178505082637805,9.540103839112799,0
2.7610585618011996,32.946523274545335,17.17084459527494,5.380703518991075,0
407.7307142274171,31.251175431338968,40.72405273532143,4.795347552696921,1
353.42867192380857,99.14056728152221,40.78536492330352,9.367355957837844,1
364.50358402049363,59.94411936151036,40.47024487661024,13.12533887056368,1
385.63517334297285,56.90286530117771,18.357867398353875,14.254272204927538,1
37.02232586704518,77.57530978851489,25.793377046334584,2.4826812616526066,0
179.2328642721363,45.27777215055449,44.47463796493063,3.167600576368078,0
57.93452976256486,96.49728287651577,37.02043667084966,14.226307622963116,1
431.55171293779676,85.04415100908864,10.950859742894593,11.311493196687096,1
311.64906341377895,36.258770161858166,12.282160694117222,13.361913547616822,1
165.4490124263246,59.230654304944984,26.237598188431647,3.836856877894804,0
31.779175143011816,91.53828152935154,41.82270720515461,9.226202195531625,0
155.4911608578311,96.13124156039872,28.854562928344997,10.81595432184463,1
162.5916610133735,62.718105787490884,27.423437781200157,10.521566396257617,1
364.80308916903203,72.93879724474954,13.69157949848207,6.714123672133773,1
318.77873567760656,41.69237622644526,32.9873036653503,1.2155284836783187,0
443.60637128816325,99.38180382958836,38.77361062100789,9.160964795259684,1
236.10746258097464,46.21701909684104,23.31470026276468,4.543421548514523,0
59.79712296915085,95.99122418945879,37.14641478238646,7.303559446000465,0
356.6223936114975,75.4752654294658,43.75668288652841,14.406134211173443,1
380.39252430844874,72.54157564152014,17.13182606946912,6.586494446994086,1
280.6385987847481,65.88819577115561,28.316537091815945,12.757222493301974,1
385.4835899772805,46.14688682024311,20.04982853296014,3.639568480489516,0
246.89779818219537,42.35696224038558,37.74990466618438,10.414446972350405,1
261.36641469099703,45.43403463491227,30.215767805840514,14.678097362145209,1
213.77050917927482,43.05067835009782,32.21038461426063,2.4265034122211153,0
12.709563372047594,84.57091314967273,37.92699558655629,1.1164791911806882,0
53.945713496652225,54.508768141671105,23.85896654318592,7.070159096856601,0
15.714592843367125,34.048987359437746,42.02815239424651,2.2967567627191405,0
318.2052056318902,97.83718410985679,28.6560103536149,11.477380895467238,1
157.17799053816333,91.8650119474398,15.52841879923718,13.803681293879825,1
254.2853455823514,94.94265982366491,34.356469135908085,7.076293617922624,1
453.78323696304653,99.64354758525047,37.764147265338906,4.621962990176174,1
124.64611457443748,42.17266744536411,21.086658697363433,7.081646466092537,0
205.19146151781487,57.736941323186116,40.00127399495635,11.128269449900014,1
377.7755692715243,83.07669329928639,41.71501391680182,1.1267582621251937,0
114.39908274581123,78.72144326376545,19.691657058223313,9.25235585278576,0
38.4899549143965,40.772713443789854,44.42325154503277,9.586083588423307,0
144.87572645688402,87.10831874934325,14.924903481706544,9.927635456543097,1
80.6106436270022,45.710840028566246,17.070548394087147,4.3883091197322805,0
464.84882617128653,45.667233037583614,16.447869373330914,10.996738127293774,1
404.06018978220845,67.58820960253895,41.289639850275464,2.2794808086448697,1
316.70187825521174,71.50579543891922,32.90023933137367,3.789784710535211,0
435.73029509385884,70.60603454864679,15.323649912779551,13.284580653162747,1
401.83603844955724,36.40407861784284,25.411319642892217,11.342124110171929,1
93.28502944301792,91.42226038412662,31.53543087744307,1.1924377561588335,0
446.27949924498887,48.592002981209426,12.921242974628415,4.477267645177203,1
269.67112095782534,39.06604448979629,40.884572894256856,4.001690761904304,0
403.72007758203125,92.2123655908284,38.126123740453735,4.791288592517616,1
448.0456499617466,96.89560487608274,27.68223707518234,4.46583678391841,1
159.00173748593193,90.34893320858154,43.849431534070966,1.8753681403998403,0
55.02596226383838,86.66612523074147,24.62163427462849,7.425167232355484,0
113.96758127097084,75.86693864473152,44.44386116627742,11.258268647006311,1
213.55389431312815,68.56001594263975,33.37719995812695,9.49424414604411,1
409.00738296124655,36.08907319379871,32.21349456388795,10.420203360373117,1
430.36529162817175,58.59172491494891,15.808421335352474,2.1360884995073484,1
3.4760652655953517,56.08819619086198,40.867471540662535,14.32086994247502,0
255.37365128878287,48.182764863222836,24.96213907722153,12.738885673802347,1
208.7055015743895,80.63940795820095,15.678169202386776,12.271264458939278,1
111.05390523536512,64.71130145551396,10.441263199151566,12.521773270584745,1
59.9326836668414,35.673235113535355,29.59144892734339,14.05794711385866,0
168.807585701814,45.41282413648679,28.45898677429367,8.619555525591768,0
471.4548519562596,77.8281134561717,35.17737678292055,3.8039482501467625,1
161.6014660103776,35.32916016432101,41.15903185562307,9.634970509935576,0
259.395310871683,89.5844839834138,12.779230462506034,11.400340911351146,1
351.50947944758894,64.6602568909782,35.602377161912685,11.330843506956356,1
181.814801189647,63.64106041286536,16.559418043415377,8.30028633833632,0
485.89104136048036,71.46854492616623,40.03619686050074,1.9584220706700928,1
481.22364747105564,87.72766761476043,38.66722298515796,6.195581138021789,1
125.89114791268207,54.34664455315351,28.927781424494054,13.890732518487003,1
248.6242529461927,77.46113067913444,34.858497951815906,9.182284736603965,1
150.43915490838484,69.60123747970538,21.002253961431194,8.536647205579989,0
142.4202471887338,48.69197891185949,26.49087646264851,4.763949201350709,0
18.443473677266397,91.50409904486105,38.757291419866505,6.158284878832105,0
304.78216698994845,85.81982151248496,26.074281901062488,13.53484524814437,1
251.33951161443073,76.09162842608978,22.52293928639046,10.3304826653757,1
25.739375624994675,89.54072103659693,27.297435653760495,12.02341837453266,1
139.32323211830573,90.71059406718616,38.98872383530264,7.360835922947172,0
454.13294298332687,79.58540837005243,21.732281657980543,9.82346107238621,1
119.78094533348622,88.59093298545704,16.081655759751033,4.477370522404906,0
72.44743604561154,78.82300231684985,34.92049071157733,10.876451623968808,1
244.7263801387815,77.60985402322103,38.90923744478286,6.986418671846723,1
492.82522705530033,73.3027964750629,13.522311748323666,7.195637207406438,1
121.02763575575021,82.69016476903488,18.395593946458064,10.090512544076343,1
336.0677737029393,41.10235737051516,14.969019641634787,14.107928700564973,1
380.8098076643588,91.66095314392498,22.177949405375834,1.896088852520693,1
118.81877199619983,91.02904694216625,25.762284261689445,12.546405322858107,1
364.10817430592977,32.047309812419144,36.20892179371573,5.093363545770703,0
183.8915663596266,87.80717253953338,32.7901654708586,7.21487236308929,1
316.15291529678973,39.020890723141164,31.73249986174509,1.3067866028501254,0
316.76485538044733,53.45831979813993,22.333123131337906,5.214645089680382,0
267.88734203737926,82.04557794041254,39.4506643579666,8.036837396821827,1
45.144885027204154,41.253192723381574,26.49505085893576,1.7864650828641462,0
417.651247794619,87.25769168833435,44.268672830530406,7.875340211364312,1
160.39003248586792,88.24939245704194,32.19497484035079,13.979548804017982,1
93.25925519992711,65.52274136325853,14.419265954757595,2.475505053509273,0
20.38757077738196,30.44701102017835,33.666214672640194,11.70217019305706,0
295.4464715941209,50.09266932224389,21.378640540109465,6.735394747263896,1
338.7821809211412,73.18488428630195,34.02145188401341,10.172432003340733,1
8.293914463928076,98.68303246191964,12.437440185684201,4.643312371793211,0
256.0465291496405,74.22694689116679,16.12085030115858,3.2328916755790162,0
113.24788759896897,48.186250674491184,39.95080406170252,3.24647659979717,0
322.5863952047249,74.38039921697279,17.95128449582302,1.986887239004025,0
87.18321450249572,67.79897658010988,39.2964393835029,3.5990538686174025,0
345.46886905123296,84.58917766058005,19.774663095904366,10.299071389845556,1
193.3676731502687,37.48864471788709,32.50086685205477,13.343668565809113,1
468.36499436836726,83.27195317514196,34.29527007284409,12.397759598276267,1
68.76047207299662,67.88866050732773,27.942916360076854,10.591880338242778,0
170.53317552512925,97.40944027012962,20.685873684385594,2.546046087755437,0
56.73676062029453,53.931051622708026,17.442553172988365,5.048624248143298,0
462.3468091392814,74.28353251937637,11.161627409684918,5.337296254514566,1
438.6696766904905,95.24196738570123,20.638124043425336,4.499397249566697,1
128.9708138575778,37.175680959347545,32.86069766859491,8.210079235936124,0
329.99202301708954,95.60599410655158,42.840668645696894,8.497753408315416,1
408.6111001006079,78.15200056105694,40.49215687920682,5.996403652395543,1
277.60040579973116,34.74859413736203,36.812267178735596,5.953048222310104,0
264.82528917800323,51.067449686277136,37.595657013865456,12.599778370685138,1
120.92614545022585,79.57204620516971,33.274471621659835,12.050099876475599,1
46.5513839029496,34.71454210281402,19.110040014810103,5.309141643530439,0
448.60787897666336,70.75193221233913,41.75182607470404,13.79303821422563,1
450.2090285816652,54.21181398670697,33.47563091670419,14.339410238035084,1
316.55072863663395,73.4640862437234,29.615422084315398,5.574395588420572,1
169.51489552435035,33.2019423668759,13.884631422471838,5.9619492831027685,0
174.60478730633045,91.00757643066635,25.64694403322489,8.078878147907425,1
362.9778394351197,98.14422784241778,26.11253949206742,14.175691375471429,1
448.5551299762885,97.8214498699984,40.25972633329345,13.26847206399236,1
443.54321213255866,82.47562822200473,29.132687706572597,2.435951476170257,1
389.9377729288119,39.106036809144236,23.314019213964336,6.498230405799827,1
321.01582307714386,83.07842371503159,44.18801149787308,8.747196656496806,1
42.069982497524414,31.721084152116106,13.875220766421048,8.04385461572156,0
80.81435704730688,31.548648607029808,24.789194990918062,3.7140829511164974,0
449.2770942635396,52.652715340467886,11.470863630999185,13.023434796354167,1
303.21452982979497,64.2050233283266,35.89664422684256,10.477170961955723,1
4.5985258083148235,83.92851924654553,42.13267932697027,12.73071724792525,1
50.735771433016055,77.83067636245536,19.80130653426713,13.02269991089261,1
331.7508845540279,61.21318944637238,40.04195868796923,11.476981951320356,1
2.5307919231093434,49.15386663971661,20.22763806616642,7.148948417496043,0
80.40402570874933,99.79871501103977,41.87695565753703,9.547654570215943,1
274.3668946832931,59.83269115651811,36.38866662588744,3.245115685676404,0
345.94759884634664,61.59709170307728,38.171737189450354,10.431035844648708,1
325.9806297513003,41.453667483416844,10.630229446015907,3.5095455803499305,0
112.13465473027989,85.63666841249506,43.69836249759091,10.715294267142195,1
356.08961067376794,78.55775580470421,35.433484722461316,4.2143742505555615,1
118.62454374840003,45.45387289521322,20.66628833851467,2.6457182021030796,0
162.69984907963385,35.766673193108986,39.02881327005964,3.313982862001404,0
373.24570255901205,77.63495114522992,19.853241944522548,1.0278898930669838,0
324.81644952360733,75.81578499967947,40.54638438481447,11.062354649949423,1
424.611705247089,49.12816688987465,13.940313664417795,11.253614686817308,1
328.80644615017167,96.56044935752873,34.62900921112785,8.209066898785633,1
284.1543016677358,40.574052424663016,28.924446682571862,3.2590792147753715,0
46.837383914046235,60.26343607298213,13.378706456840428,2.1697607251496565,0
183.85790152971677,96.05311441173193,18.466283989059363,1.2678055301220181,0
132.60118384086272,59.38091218482856,10.434141269706018,3.32047447751309,0
121.9948216895418,74.696816336486,26.406878791257704,13.471977489764054,1
486.5052773762228,57.831607857395596,20.54428412660001,4.381515783823545,1
196.5488623333802,49.1950641644069,30.942511950421558,5.959798581041019,0
446.02327758855665,98.87843535718798,20.403323269801604,2.474836782738665,1
315.56931299863146,58.65338044205301,20.497168902744463,4.113058266474384,0
397.4056517708242,92.58694425753941,36.01176195560612,8.26914399092287,1
251.31854655259605,46.09682241237603,11.684999259242371,9.508537563339136,1
288.45194231317953,44.91732928175583,41.60132483171955,4.434932398326955,0
246.25884690943195,32.17938580191579,39.82923560369135,1.808250229151641,0
97.62149389902225,75.61667777631195,33.37316391292423,6.474460167783581,0
361.2260576307527,55.796844060663275,30.76275495375845,4.278847192968678,1
140.3861812204279,90.50507748877459,41.23058743488782,4.073754925217227,0
12.157983215726919,63.124693468409,16.486556283505006,14.438079237988374,1
322.7361479535839,97.77353995403053,12.763920676679001,9.628206802960136,1
88.55533970352447,42.98678609921848,18.382855946833836,8.796298204409343,0
470.22929217645714,90.80362175689275,37.81023975450666,6.820851449326507,1
476.9642885012937,84.36177969542192,11.213459335426917,7.0052206680220195,1
457.43219511022426,83.96452912508364,30.398239227922137,8.57267005373313,1
185.0793501277222,89.13482596818213,44.84031306669585,10.750017298505501,1
7.728308264433714,83.27167936600992,39.949363284313876,10.830045346545612,0
464.1592812938627,73.83542251419908,28.25059911652563,3.403714707876294,1
214.09207415865717,39.18714143776713,12.227431825032482,8.001578529072777,0
483.3274095218348,32.27683256438763,39.09807300349985,6.767413330477428,1
481.80998854462644,94.45934934709808,30.964247786202368,13.187377527771378,1
426.50472773368006,73.16552201645166,14.02265489708484,9.83986489705727,1
147.22444603479283,85.75761036833234,13.285004968817468,8.455056929823744,1
192.54886430096263,63.706564605878505,41.83693868028074,2.615524990504843,0
425.5683357584285,38.211573227367616,33.42200920283275,9.478930450527761,1
158.46100257813885,38.76300545417853,39.025037976086445,2.640854679523268,0
84.74637334304624,77.989570106028,40.76426150987936,5.720892057920529,0
278.4006312291751,60.12141264296239,30.01203232169128,2.9997875074006464,0
468.0773870803905,44.03673086902357,28.110622311426443,10.689031058341165,1
348.0148983374865,64.41161827190058,25.064959361234656,3.8875295937061365,1
285.0305850446825,34.494625595259386,21.093130572689176,6.486031224632364,0
48.588246885384265,70.73799813400791,25.21085863005491,13.539446886662901,1
307.5036133495849,48.82953831045684,37.08578795055547,3.860429367585584,0
495.0269250521316,85.82913704460317,31.067320085529605,8.109270895422908,1
70.04200761826202,51.72533712465017,41.238315148419616,6.869803256324308,0
259.16482618186836,61.86541043572608,25.51830050327157,1.2537365746402163,0
438.68653596397775,30.813437793567044,31.24813525515639,12.09861359001938,1
370.3843088771022,35.07128214561912,32.095764358219604,1.9666426884043962,0
348.507870497634,57.47454894846794,30.709400680721394,7.63957029367735,1
351.2420419935546,63.595718430198644,34.59218205799307,8.8494961291453,1
179.7455756098776,72.00143836835126,18.310171393118218,9.797970392604219,1
146.7959221322467,50.416380509651226,27.93273221410267,10.640842810310257,1
404.6805777392568,78.64873202885798,13.647868098292168,4.545813369318012,1
405.05669733959036,90.20856780324432,23.45789646756844,1.1397028732182912,1
433.53615929005184,84.5895692225345,27.068347401744255,11.128211272968768,1
456.6202762782356,32.773317774385,32.82784908409154,8.4991923908661,1
255.6711994304689,63.63548630804802,43.26858684051712,12.705647844901483,1
250.7581473435998,37.34511248927224,31.022787329192454,12.49943708060972,1
399.1475894833876,46.943151110376924,36.02578706617959,12.806566349030364,1
324.9819653888826,99.06638152870025,27.719312082332095,7.791325239713562,1
350.9834386288517,39.974688003105925,32.1936410981716,5.670797541716119,1
397.8963347180505,64.92217074159493,12.482627564682069,12.08181483627918,1
445.00267090878316,73.27090140226834,18.903705329464643,7.3181175824095686,1
168.9975784257679,79.17254793808728,22.664858262179855,3.568190749648083,0
187.79147631997202,69.17540784408399,26.537267425227974,12.96963627386064,1
46.9909699204345,30.683959319342858,11.597706092583431,13.35583827481286,0
289.14007049808697,52.85229157707943,14.900843414366118,7.528336585962382,1
17.971136898371043,66.2398150369298,19.688500772695704,2.0597961823370246,0
232.79900906623007,36.15065494013834,44.00364418153677,6.429565258837037,0
271.3223173537883,54.543885184642654,21.59714524860678,12.249527232476447,1
143.2706260641422,32.32421761539566,26.871437033922888,13.6248363996472,1
295.4166302845054,35.500494800851456,16.863419945843752,3.8486183949663415,0
15.250124969524714,57.78462933411173,31.37730248765189,1.9376305683538013,0
18.674094374607208,39.29010278301423,19.8239125430591,13.282906343859741,0
411.30028032982915,69.72785937830906,17.244740245344936,6.451669145704254,1
180.09532070563145,78.2625478396086,28.080041995609268,8.584653499745887,1
63.53025632594239,86.0410689376358,10.192702970614729,14.552921368710624,1
261.1216300274022,44.010517097136706,10.268241142722886,1.93190619079912,0
384.9967765493054,41.72378075813488,17.667408318565023,10.076452104329338,1
107.9105137484216,37.31974882340802,11.28524768752874,2.0374759160481393,0
311.4452379095001,74.55011746805457,13.780901394574197,6.2565649985310055,1
42.673732496884,79.45330085408308,21.860122726856304,12.253403632708254,1
25.840860584303847,32.21103013779494,38.09049878529345,7.068611258578882,0
265.677315784074,95.53485723705829,30.02170251792553,14.960552954641306,1
270.31756080505323,33.63798985560307,27.943370408474575,8.826829989252431,1
318.71495074910325,67.89074347107493,20.27210881228426,5.496270136903349,1
363.0456668613308,79.63423636156415,42.61138018014857,4.081558562666544,1
487.9260397312673,90.967838662226,23.89552644330171,5.907287480006265,1
258.15017415059765,79.98608524926995,13.048246837852002,6.215465832633711,1
161.478236470623,86.12096581488544,31.597328064123044,1.9619914881354537,0
397.59309738435184,53.761513477996424,13.984343771681049,6.174038791974825,1
135.41612563103712,87.03775796225585,22.082809998059222,7.499339276349149,0
219.48571035281805,35.60803924692726,27.75941785512331,11.118328531343264,1
39.22819067113298,92.63716592423694,40.59778836398115,10.194212786102511,0
12.675371707728756,68.33146633076154,27.274130311904152,10.92271917320816,0
481.32420733896254,87.21084389737456,34.579056811108245,1.1170915462759994,1
417.99006025610294,61.66227991628101,44.748589364967465,4.047343594127504,1
347.987103046849,75.05043866375675,14.602119196429356,10.263580037597992,1
204.47647220713495,66.84818626552791,19.615603393183182,7.7758511545164595,1
86.64716003542289,81.21126652287323,23.81016264591762,1.0743886593568432,0
78.21852133554302,35.71409874214127,24.763986248859098,12.262924994045513,0
125.12144908229766,34.22464587933946,24.385737634294102,11.819334026064723,0
274.61333235306023,47.29722638071025,41.76638508947942,8.677868281909877,1
357.2979613500312,41.16812760792318,34.99114255633998,1.9304865608678097,0
330.0986883588656,91.02484966145411,31.276682493174633,11.731210693456186,1
139.9669484729714,45.344979115063104,20.828045125197374,9.171990228239096,0
477.43264033159704,98.31056790733919,38.83266344774532,11.947439680211428,1
368.94845834788424,53.58270542397748,43.42711790197461,11.524457893541765,1
277.17702625570035,42.748254098208946,38.74193988925793,12.24202900740972,1
305.8603731171761,85.27889549997354,10.054778681701551,8.252112929664747,1
209.80003121389495,76.10954428506133,32.274047956419246,2.96454325470921,0
123.86549475057873,64.87370015171973,11.789738350473526,10.396204627315642,1
177.98633932563078,68.87544856563419,19.016252711680266,9.686632990727588,1
378.92305523218454,80.34412447905848,12.08336451217201,11.39154462078722,1
7.196744314877934,45.99183189319091,31.132840853228572,3.3783340847102945,0
58.036320253458115,99.74337412397193,34.030646972241236,3.7296527986040493,0
23.001321010876374,98.23552135027482,14.00706733230668,13.465733241070598,1
20.36440115948507,75.52279804428558,23.434360906574284,11.49968917832899,0
427.7302920055036,43.96797156504016,25.96827781344397,13.71519884180452,1
351.8289296900118,77.61597697019039,22.91685576163208,11.62201449629489,1
237.0869145436626,35.05388862854231,14.235875016981757,9.360174283864225,1
48.91708032550074,32.145675154406426,24.663172656561642,10.15785831839023,0
245.80793755841617,48.03780219578496,36.29123167329463,13.447790935160139,1
236.73588539028285,62.383606971752144,12.485268258663941,9.103294563167168,1
86.60093495500759,90.77907537858664,12.80630049286662,9.853478540597424,1
216.92582461898652,80.90183488364156,22.416995214259448,3.1906740240504083,0
199.25236719868673,81.98945648399868,42.960399906662374,7.634897081625438,1
307.92504902610824,59.784533411365274,33.40004263530199,11.029559567413386,1
317.5468254338219,54.215449478287404,33.75344848353977,4.793197776429116,0
22.652004886022258,55.97271340892219,22.66719967932527,3.831558527343489,0
187.3063073132356,99.13546946152405,30.778127692298845,5.393575315141818,0
312.9299578571182,32.80764339887377,10.354591440971019,4.381008791899668,0
251.56812929004386,90.6922047285714,32.26336162433398,4.008776918509541,0
428.24492059416116,70.50727860006754,41.96504316516828,6.947911800153217,1
329.3468158094725,60.703079343271334,31.44007139206867,13.709739194369478,1
81.46721354071485,80.76803622905956,40.57945077132207,8.098835054342056,0
35.28437370021492,64.0668258997292,35.33905694131329,3.6308853314145226,0
321.2096391031578,91.13962666571624,14.21954457412916,2.077603371332237,0
13.255655270810907,93.0491304807881,41.58586575500446,10.746186031930954,0
292.88779063673167,59.520464881141876,12.32553455245212,6.35918270210943,1
470.1151207124788,49.37794580645361,28.688861539171732,12.505633252195029,1
287.73708893793946,71.46452300153535,14.974799332771019,10.233150760970783,1
194.08496310326095,93.86543419316837,10.409731375581643,12.147380307579159,1
321.64410922117656,44.746353230396664,24.771199104467364,4.8072445518582825,0
229.1264452457583,73.60766084944379,20.326424767895467,10.693024914454814,1
272.8083946579675,74.20921540647643,27.010017282916106,4.696867785712063,0
470.7324043882626,81.31791156906968,30.20199603570928,14.146958712304082,1
193.05131890038712,39.209737958908185,11.530867530813158,9.909239941467241,0
480.5952819119571,80.1077475277462,14.305115329331098,5.543165202454789,1
452.6753209780319,93.63227644659487,29.55248387576489,4.773166072091817,1
97.89556739464822,42.57781762091694,22.010857361043037,3.672972191003009,0
34.68065043758273,46.62803274467144,35.52107206423068,10.72497342451219,0
50.389000688713324,97.99765658291477,32.83020770071789,4.062018581970982,0
9.110912825774864,42.66838668966429,39.59615270464674,9.334245722984846,0
47.2214803779642,89.80695653587054,34.23724893342289,4.704890376955003,0
341.5033867081784,64.45944995136244,25.047587708655186,10.26756522711416,1
35.594324230114495,47.30617520822239,33.55383178380514,12.40915619956755,0
159.48781514688065,90.9524930890758,19.638341098939648,11.892353404025144,1
422.43765548472726,61.171367850186584,20.720972457237444,11.651918633030943,1
11.635967867912933,66.03721477507831,37.61448059722777,3.6281136796915288,0
407.2342412944679,55.1463358579836,25.624683074055376,2.2373892577832617,0
140.92738738669996,71.50655960044492,37.94331191814234,10.785283598823398,1
59.08241381082813,41.446671080951596,38.784783078389744,6.156860993120919,0
348.3685826820753,57.375707565623244,40.014681818144936,7.052847169646862,1
314.471423389942,97.85886256347013,42.08223325444226,1.436087299107475,0
438.73600676352646,48.06934028907892,25.08448271796537,4.634070289850689,1
367.5355219019429,75.97156651789045,21.16033864123986,1.4714696542424963,0
401.74046519242427,52.76330449572864,30.376956130793985,13.308600816417467,1
141.01728628565326,84.14311879806205,22.991034820316965,4.407553565059427,0
88.7197718898614,39.16115625028449,31.037595838008155,8.802720374022112,0
375.3073758204292,97.88747315549813,34.69550519253386,1.5457104892558258,1
403.417369633632,61.76526789685475,34.09417564722479,10.335863478279213,1
495.2525710003367,46.52353243425247,23.109351045704248,5.522382840557314,1
206.30883845571324,35.14477231310089,15.840107059456349,13.57086861740732,1
186.00904289639158,41.88305335612785,25.068526846177264,13.433654645076501,1
388.2064803709984,66.38417639892123,14.990795042866806,5.554068657064469,1
170.40177012650892,53.59022235019004,41.15339623143329,13.61345253966655,1
465.37866280178235,88.02183561178266,22.10571112582501,14.946207428982904,1
429.2063759215059,60.162126656326414,15.406091152816332,12.555819297735272,1
214.49701368750917,47.40999908113409,10.890671596701281,12.828198868573207,1
375.4355338957487,73.2001490622821,32.60378352002695,4.4861223055272585,1
377.2714370423412,79.47440518198121,32.29158111091601,9.073833584008588,1
51.561934417966306,41.69293355306649,21.92114583034521,1.94158279554315,0
451.27645333978336,41.73334514018224,12.509916109667785,2.328851115503376,1
252.62618622392858,32.56699988534801,24.337011321333122,14.984496568466069,1
413.2287330538708,81.54814105459484,20.892612327218774,5.572949491962753,1
160.02480051530588,76.46631693352636,33.699222390725325,11.47457476868385,1
447.7616142481002,63.22416130248697,31.202273730844162,12.29331074237543,1
194.60083936708156,89.0919314278438,22.7607804869139,13.012325794101208,1
5.41882574014918,86.39691070650372,17.626239398924653,14.96679616363019,1
452.6909882096318,70.97480550777266,44.581258815445715,4.38095079359615,1
45.64333839306678,90.7789896359281,25.890056741864022,1.564911576035796,0
159.65681879520744,44.40888470257378,34.08959825230829,6.756681251924204,0
475.03098352540246,37.83437335784095,14.919353865242627,2.8211293776052573,1
475.30357346877804,48.88247280618927,26.995639488078922,1.3139624482687717,1
286.71894406164307,33.99607992625204,10.963785195431292,6.045975579980805,0
315.91860608489964,67.18186696007224,27.690929126865747,11.97233551505331,1
224.2227609891599,95.5623984606473,43.74060924911958,8.926529677150992,1
146.60538584903227,32.75404784679567,23.44723495450301,5.378891848944956,0
164.33227268495799,38.54769398070188,11.364860440121905,10.160788076898076,0
336.2592280385192,61.653931979840465,11.083452682177024,4.24825452432335,1
376.18726471884,95.37125122695335,23.579536598140432,1.2013402450091903,1
395.7895218629243,52.13092734837254,15.60087277621179,11.700947410109983,1
394.80907139727697,65.50643660818747,10.817323371486507,9.732403188096127,1
45.60305152434518,32.91010013352745,36.46747648825619,11.672236743013439,0
247.21015235129073,40.38402406734622,26.048305310866173,1.5451322336273186,0
28.779380008322143,99.06410860711928,20.12356701904291,12.719674789629131,1
274.76444116186775,97.55830875052318,41.502911405576825,9.673366800508246,1
220.76525068668852,30.345798665408672,14.064863607018395,8.887534909976962,0
443.8520913791499,96.62682497962673,43.457159013436176,9.744596673603443,1
175.45750627603934,74.73839564708503,20.988835108207347,13.102065456157098,1
58.53350821380293,90.75428061640154,41.09412853080384,9.217111091824698,0
71.49584102641793,61.83178989437013,31.103000676781154,9.13330531843451,0
380.75531585873614,66.09172200054752,38.93475759095206,14.869508198920721,1
309.1090316581305,64.21926061798442,44.44046071236625,11.594222338959952,1
50.56133806139512,76.6804980282273,20.0941903236561,7.192113276315894,0
42.05340305749872,39.7755878329419,43.63974198926575,10.903558000460988,0
350.48456572956,32.098151291087454,23.631866321584713,6.449226603685039,1
36.381503182096765,51.55509591138336,23.49291666579228,4.204256474768986,0
410.9300296451781,79.32765339156526,21.9135486489077,9.355926276428631,1
353.1211135782481,44.129741648606384,28.949266257165483,13.994549373595321,1
40.67439032094988,77.14027033274421,15.395076511247048,14.007953280216478,1
42.41885704259596,97.89384322750892,29.379901987530392,5.7866738934768644,0
493.31978925058775,36.573050105259284,28.95966843435014,8.38748452710373,1
187.13539787806016,77.08214827575884,36.66656344117045,3.962902579978057,0
185.32107353344546,61.06251535131998,39.17774866781549,14.938835532984369,1
406.39978362875127,90.76995780642537,25.41544726093484,14.7356507101511,1
473.62428869192934,42.400485261317016,20.58166372730228,10.093125015904263,1
493.0005319114355,78.48381665583152,19.076721406098308,12.261796835484628,1
376.6890926294708,88.66807027536771,16.811834284670518,11.0114022579718,1
188.1297927654579,96.12299536318163,12.017665376965871,9.304215066552555,1
41.750358349334384,77.82736198027521,21.98567925921497,1.7468719578445677,0
388.5734579637184,64.8022334805899,19.458669224577413,7.3667007957372554,1
279.2021248679025,73.24930681408497,43.82460850532426,10.447008230343748,1
212.11100462348813,90.82334891351027,29.519808918751536,10.485442594371586,1
453.177192547368,69.94268226471809,22.154696366067764,6.2237166579133705,1
55.59874115307567,32.12709417877858,30.31636603477936,14.183687813212428,0
246.31255214542958,95.16640868548845,14.871884547099341,3.342998451314934,0
5.676822383709535,78.26687257220928,25.541531222077104,8.005032247017848,0
234.33032099706313,77.35593700440725,31.918201249737233,10.672375671711519,1
28.151637840918674,45.0972606678402,27.111424112735797,10.759901282485329,0
59.40895813403596,76.121982916286,24.062258022901347,10.080945394763418,0
58.763123388552444,57.570508395791094,44.78469361148944,4.854034988326042,0
324.60515105803177,75.58630839290444,40.81101667521244,3.186891961612708,0
373.02243963271167,37.46151212155935,31.819208535580405,9.903164575573951,1
291.68438254857983,76.04917132221252,29.928207641379895,9.390229625952129,1
481.08627423727097,99.95896080394665,31.72311679386044,3.510984144049374,1
187.43528976185203,33.374842720238924,17.045923773785162,10.871948037987886,1
142.85604314093035,98.4021928954922,23.829821014251152,7.3724078842711895,1
434.29956409473016,58.48355725060094,11.381083651181477,10.348648282444142,1
111.79791925972631,90.95274152360814,26.644111312038934,12.723139116782109,1
481.61126972030564,84.76698388407914,29.005860438518212,3.3761980000769243,1
6.077237344908171,69.69113826906676,17.971240763612336,1.2680281519557135,0
484.93941335381953,81.69144464759285,43.74100965079298,11.907436209541014,1
21.57995597528806,91.49608929109435,41.83091138280347,9.535763952136623,0
445.5715568490355,58.28982251557231,35.27501324095671,10.794953974709705,1
263.85055454314994,52.892321309426706,28.66853200678769,12.734169649840997,1
496.48239805965017,76.73153698945093,40.44892058766897,12.239353087543007,1
36.89828236769943,86.5492159358881,14.572832033821202,14.452882057003546,1
276.9271422006604,83.3599594343631,37.66784279962097,8.503091103929656,1
484.6512678095495,85.84695542010442,14.36872848883969,7.838938857238675,1
261.5489220850744,60.49083203690531,37.79737318922919,6.626420798470221,1
314.6993190676313,87.24839513225152,19.651864888797494,3.1516745998188638,1
347.8743444923086,38.41463387594259,40.69817033563661,9.016501260348313,1
227.2705323838866,68.11423685725947,43.04147328388893,4.878175340563703,0
313.77904004203174,30.40310623486851,15.207858929179046,13.898305170981656,1
292.15715596155013,52.72100809301892,26.193646177288773,9.164671259879366,1
450.5790052454945,55.65230744099785,44.334558235693976,9.299762527113542,1
22.723190170728934,57.732088412647876,26.91926025906013,5.96894525227814,0
140.48159479611516,78.68270446829035,40.22416328800908,1.7278509276879048,0
475.20574203827937,57.1990670889242,30.605603274596195,1.4444127152218407,1
445.13189194545816,61.408553583577145,23.136546777186066,6.926692018144765,1
227.82837639285646,46.62808916120292,20.00242444340546,2.1839152933613297,0
310.06629890076834,56.12762541405381,17.112808188013055,9.495857377561947,1
138.69059149056633,45.9088739084206,36.662936698219404,13.333622078955203,1
94.06057986188065,35.123714663791056,23.528917738805976,13.36080743126211,1
231.84920246999107,72.24140153669646,27.89464117702629,10.226635741851254,1
176.67611401302642,76.77489589885113,27.23139180004137,3.957245640621034,0
291.82805592543605,73.36432422067301,30.204766023159593,13.081955639024208,1
38.86731848249242,62.44458306604007,40.29520009685933,13.405308094384914,1
487.19740383308323,56.585004612546086,44.32587702542003,3.753150189341422,1
493.10537223980145,90.43335547002776,24.265447300083594,11.323965200789482,1
349.08085700987255,66.33572495953527,38.963162273720606,5.011273684979721,1
268.0481831720602,63.54273143408117,36.758472812915116,12.236964372941015,1
154.76380814316389,31.7949446064505,30.073513300945063,14.961330598650438,1
406.89750985347433,53.887347933830945,43.46165002641766,1.4203640746114994,0
342.3655862769396,56.613693315009996,17.0166080434941,13.563122121073047,1
81.30846967244565,57.91759466278303,13.82424736083675,9.716827470381213,0
455.4635922469212,70.61206584591326,39.888668843439774,14.627356668307495,1
411.2686214615845,67.3521782708815,25.37024358218119,7.510133245369986,1
474.899956645962,72.55335649554112,39.64390989724711,12.863431027999232,1
362.85975419417997,83.54182830794898,41.25815718183952,1.8735169603758812,1
306.7075979678949,86.90900171012655,12.1860157766675,5.69390670109614,1
209.12151814530944,80.2686153358546,40.92126670451212,1.9382315285169396,0
466.36424167700665,96.88665871684543,25.691166937929776,14.654803868706988,1
433.03194475020416,31.276280787345314,27.865137115148126,12.437634701805713,1
22.609335053094703,43.70445899784823,31.930737888262357,12.935663897443586,0
13.183487248626003,30.52940124846995,42.423391235553034,14.131513240074518,0
188.2316834390248,75.32322999082221,10.66906330504174,2.1914488056769947,0
405.27666539091643,92.86213842649909,26.6895213911236,6.398366295186667,1
493.6380646574722,47.043760760340945,34.070271485069625,1.9944884466160298,1
75.20844555176409,94.89241813574147,35.294743519438,3.9511034217004006,0
297.06535767606755,34.21871732026926,34.23863510379878,4.211120878527413,0
190.44542831551075,95.410521876386,14.705229529284265,7.567500954666102,1
484.9571989073016,54.61358810677441,20.47884559300884,4.759870344350996,1
421.0594615678543,37.099457991445156,22.555043389595472,2.4136934954486553,0
419.16435235556895,64.01102314304279,38.15530226878268,3.344875247317508,1
234.34657989748513,47.97435974043556,19.756595534509355,3.061857889729273,0
207.4097511688326,49.94110313733459,17.37467373535211,14.623075170772175,1
136.70353596535313,51.51029754484006,43.510680666333364,11.63009509685863,1
28.18774832546356,86.21181284828644,10.31021497897141,14.548660513773868,1
432.3611881275266,67.74128936726781,44.92372994886924,7.156366811110719,1
406.4505045650388,51.791538940920255,33.688745460008846,4.897158743277192,1
499.8588366430653,72.72336483176429,38.9964254807191,12.176104760928613,1
498.31841853695266,80.13054719562355,20.31167887211676,5.567554852576055,1
277.7158528013137,49.083680051347365,10.5010347183471,5.191367231874876,0
384.49370759025527,58.948437106774605,35.82543314965355,4.255083890909637,1
472.382864941214,38.53202653358633,39.19506089502365,2.815505695139295,1
424.8236953387057,42.68045446742762,35.91666461837317,4.590482854234724,1
123.67405087159882,77.6782497775488,14.99976005552935,5.974476478634427,0
225.27206765504675,42.70068433869389,36.369977278993915,10.435918914040226,1
64.57970757574749,66.76143685669422,36.91229737376743,1.875907791072322,0
477.02551362936117,79.63323832057029,33.048918048451924,3.9470971553148013,1
303.08731722544,37.48138461663207,36.814057647845516,12.32633096408347,1
114.32140275173136,69.71185537402326,39.60725038872063,3.056906930172791,0
335.85034220292835,47.95939485909547,31.476143998311045,5.797032051315302,1
309.0641202289479,97.40488126663058,13.101164988938766,13.10522490601396,1
179.08135901642024,63.84819527039473,27.06697333835238,3.1689543560081974,0
56.778796099814514,86.41947848426108,12.717726713506178,2.1583156986546586,0
335.7865977963998,68.51585795093833,24.26400608613508,7.783531931120152,1
260.15385045189663,33.03887729983734,24.248727119396968,5.2338731578995095,0
386.1591958678197,74.32059629158157,12.310344544908455,8.887717102773959,1
260.0817505559967,96.598233954466,22.208718688931775,12.253268466768652,1
426.09075015927004,72.11282741024318,13.884933457696018,2.9200788341384043,1
275.9534193872428,87.34322015987532,38.28823235032277,9.12978718375999,1
280.46898576769314,91.89445243438854,43.16908090875648,8.077122645458095,1
438.3268013291725,45.96558403642527,12.531076634027851,3.017103004184794,1
201.7414331061985,44.84313879357586,43.42903225520955,9.735978797405753,1
67.00761422532037,72.76866921956942,28.29018097678608,4.830965850050803,0
14.391338156669487,58.771992886469334,20.484798728385584,7.829680459616175,0
377.5686278368095,88.79029120067042,12.690172634665723,2.1518125398788666,1
310.15477567673236,93.00161863786079,27.521849382464623,7.4341768009907225,1
352.03988404961177,54.73949655119027,37.808044057176204,5.290488552599484,1
106.48208075445537,46.58093912821374,34.748026704334436,12.51333695659496,1
68.18573779338489,84.63678606707032,11.757910401239082,1.797702177963156,0
7.272332833940965,49.23642248836953,12.551564237876622,6.860501848856619,0
175.2937794032985,87.58300229595748,24.100564892142298,7.418039937840132,1
294.95884342731654,59.66167775541339,20.335167291678015,11.150085068187662,1
196.12202254986616,76.72849295040294,18.133451306961675,9.040026051262954,1
218.73746101186453,36.68747196842677,19.835157461804975,10.340972720718534,1
452.0793472468742,73.67015272736012,38.12189601539096,11.878689999124585,1
174.12773351165018,61.62373751160604,42.52298187711489,13.070841631214643,1
256.9947445799054,71.06259242228319,24.178594308464824,5.394256954114587,0
391.82650637057156,41.76099454214044,41.713885074637396,8.532317875094641,1
198.2713911606351,81.58116214609275,21.25234954367587,12.761513098148798,1
311.04335011393675,90.39579542802599,26.675294522032708,14.85231583351079,1
431.1818543733726,45.171786006354296,17.91101492355999,13.453270354612684,1
474.76031182882105,36.70001888641132,32.41666147615454,6.200541676741275,1
73.53674046451897,31.654701023243547,44.26433903111831,3.7323312410611056,0
463.2938125807472,74.93800503102862,31.122258361518252,7.851495523692242,1
246.0581465397691,72.49658252621465,22.52349294397421,11.382980325704592,1
129.12219414947918,68.2688188899849,32.67361060966849,7.8959669905461665,0
229.56787811913065,46.236296728118276,14.302223746288565,7.764532086391359,0
490.0162876427385,57.36341971338602,41.10306780928895,12.735225895145208,1
246.3090469964348,71.61334346303212,27.607938277294274,6.059652906940609,1
164.3758051437541,64.77368012014185,25.727240971387474,13.037125447363039,1
316.7004271583629,99.14498641504211,30.50526759587317,6.695267213324129,1
120.07280938909653,39.550782678971316,31.867435197629085,5.595263479496752,0
37.93166405433196,78.66011878333157,12.512153217927956,7.3558587567957865,0
64.43986095532462,58.30231376730045,33.89160274281909,11.674257421448159,0
64.02291947888622,59.973973044793034,18.467608811043533,2.7640283900959197,0
75.95134675614717,80.23184359607234,34.98834213773064,3.7498690222082436,0
69.41358632470507,78.47053059270587,38.788717803446886,14.320227559283287,1
320.4373724016073,99.38791955915318,38.13854776433821,3.4568827833390032,1
90.94004219957242,38.98760026178877,29.33753385927612,8.948182451034764,0
172.8336416619316,37.28767545689164,28.20594623087629,9.11040253326713,0
448.3942049530059,80.70371719901189,15.00065864687941,7.854742468703427,1
236.9808201314362,70.48708419044863,37.137115264109745,10.026433480075461,1
333.7788692605136,49.19124665918641,19.499328315635005,4.217574161166658,0
86.15993560081492,35.55935582922906,27.38433979862813,8.737271748874475,0
96.1445094043354,35.99607747175014,19.949593252463085,6.21042557345656,0
20.434308133239433,92.59336122648827,14.68399270498926,10.263341634808647,0
84.46753153608228,43.430712730312,32.03451939121078,2.9771296072240925,0
139.29516951597932,52.63600934808645,11.901621218801633,8.992283835752668,0
88.5052421383734,45.86594815588916,36.202583194417,3.593784975366532,0
44.35126687852781,54.849741408235616,21.115537834139083,4.901002883610509,0
60.317935550300405,34.85966899222654,10.004714255156987,4.061937204530166,0
230.3893840163629,66.33418536357892,27.889519873303044,3.5597289181634393,0
103.16685920289626,34.73287945145504,11.639816798466109,12.559953321849338,0
182.13493052403774,86.02495554756531,19.66593452373148,4.999905947252465,0
251.70863542742845,46.35984573373031,34.744177060950065,13.97973294610229,1
345.19741431468265,67.80083402231574,12.194136756765305,14.578971354832673,1
19.65606992054947,91.60553612930208,39.37684723246008,8.997646579119362,0
399.70519945452133,75.56141583330358,10.133697293050409,3.0020157173201696,1
313.95019474545387,67.30704505859347,18.638835422066578,6.243675407314138,1
40.879515974435954,52.70336271807629,35.9316419653225,12.168251686874996,0
436.7893120533886,53.31013391407386,21.069455240525738,6.143470201758986,1
460.43620026590656,76.86408686387331,13.566233582310474,2.2182410562390427,1
30.538979927431875,99.58975528548173,22.608187158014978,8.79498875299463,0
138.43882407360186,76.3287432894565,19.463765023458393,12.831691920944486,1
403.10063989653065,69.04483921590175,39.49491657561942,12.142969420009033,1
374.1298451918292,81.14553571674722,20.96717711548001,3.4517239618249453,1
92.26050967818867,62.56439285986027,37.61263651216025,10.418704601774534,0
104.67466166835516,34.209963982054965,41.21552506837571,4.0870596880990595,0
185.236051395691,69.36077711145369,25.18360968517853,4.054905483730411,0
242.26149259551067,97.03376991537661,41.84801003490372,13.237004826272592,1
309.127385765148,42.271205965036174,23.20613188871175,4.495365338363222,0
184.4568197848862,78.3003423574466,43.742744577153786,4.685462851252156,0
231.26735806657393,44.06535820613395,13.125133358395052,1.0091474706581938,0
373.7354690668783,67.50793791311568,34.0456743276135,13.189366477757247,1
18.34160144529895,36.767351475270374,27.283491415992504,12.096327384927886,0
126.21847217201038,61.52596553807296,23.56770819094765,9.782605091269492,0
356.6747929422762,82.93143302266722,32.14491575620103,11.503720695143791,1
447.6034188435997,54.330006696728745,34.63499820720159,3.128679943942885,1
255.83872105783306,76.54382071410527,10.152714437760817,7.416530324226056,1
266.0567426326578,85.68149725528104,15.843358106151955,5.917071422882932,1
53.586005669888024,94.90244736356169,34.95661177220116,2.312871367598231,0
223.70618341172732,46.42494572988175,33.323489475237224,7.805826793008937,0
266.30863322751156,57.95211410665157,43.811662679503705,13.890355104796896,1
121.23525181736483,40.66912093312922,36.6363226587774,1.5608276667097227,0
134.6216154746905,99.47384515108627,43.27704477059683,5.080452788913115,0
188.6420815523113,94.89006775470067,34.58891755371825,3.9055731068798485,0
10.035598888863184,67.79699911963917,20.431827302380512,4.334053151319749,0
161.03958279158914,88.94233060634949,13.687772278779978,13.718083726311253,1
105.72400349827232,66.46705840904295,37.36383521707275,7.552966759280062,0
163.74867608895732,73.65099816019318,32.54522275165706,7.528191781157464,0
59.881065909625605,36.238710248121166,11.686510433765369,11.648058994373953,0
445.2636403699475,82.86892943477656,22.60176630653424,3.1628908560689615,1
296.79622677702434,38.939943854466435,43.48799354195002,7.821714957400711,1
339.5511595722448,87.824734117677,27.51404009985704,7.019792997694836,1
394.58561930366915,84.741966136927,25.145519760689663,9.356749667653187,1
249.22109946452863,79.61212884200836,26.01948618057529,14.99380784550614,1
43.46014404371184,32.53122663673335,17.31089534018073,11.772284517148659,0
268.55327090927386,51.218984916173,22.904750980267835,6.57011984224398,0
293.42055901043955,48.417879893759,22.94346395955118,12.585742731836657,1
372.719737092165,55.20954852300633,11.832425706561533,3.3899170863747226,0
215.8297731148397,36.1349922734687,36.86486699812714,1.4264916083254418,0
63.790151397781884,95.5870476121744,24.577655116635764,3.862277214499823,0
141.88795289936223,68.76615684986635,38.77629603857481,5.7657617855996355,0
181.54114819931755,51.38670174606165,39.76218003919634,8.148130604433838,0
322.9586206658006,57.788706195199836,17.419791914453032,9.611807967576798,1
285.38915233445596,61.30417783533849,33.007371875954505,13.748480041001905,1
178.0483629489231,72.04160333524321,26.52986314570436,8.137956133706407,1
493.25762439648986,66.09755993875484,40.80548582725198,8.017859024760211,1
302.8874096784436,94.35743812500921,17.550923771175896,1.7034021375217498,0
118.61339586799724,64.78744380340811,33.72346201085155,1.4887617371871333,0
50.89123631020187,99.45106103763189,31.27132427884529,8.716239466829208,0
76.42956959216602,89.59974704215671,20.335551715014148,7.1345005854768235,0
122.97886419225406,44.59573600501351,14.781031627791041,12.74852552972418,1
80.34068662977784,95.14166502507413,32.80739161670468,3.2495141859658325,0
93.28351202565288,38.14564785198333,35.85091103463157,1.3496032696386944,0
142.54758434692354,87.22147959438341,21.04695703171725,7.286542751021762,0
86.68679764737742,56.6436305433606,32.569141140780985,4.324699794531605,0
448.3827123132126,91.45820243115486,23.829581766402615,1.6946012267437243,1
40.1168728308211,90.76396830752152,34.96224091489162,11.144376015866806,1
262.25569478512733,86.41477800823348,16.972534621291857,2.5623019994014644,0
205.19841349483076,85.3021305414943,41.1575250922661,9.516473000108803,1
491.1893084543032,51.32753973686285,20.059335876295293,4.934696502336449,1
56.01945108402617,35.66434981358765,22.87250957146535,3.4289447049703083,0
198.92779952287083,58.208612513561306,12.033218322812242,6.316521320870445,0
484.7352166376844,42.146716049055605,13.902927431244674,12.220240867121351,1
432.75356294699014,78.64657622317232,28.055166594931485,6.489310076664018,1
408.53603547463996,54.22698085764499,19.365743685479003,11.51077508895478,1
128.95141352246992,98.29271406019404,39.2418079009768,2.75680815518811,0
85.44379369503291,74.86804541417324,10.514268602923384,11.818799875311107,1
334.3216099622155,87.57363945440527,23.268291703517768,4.317066548693081,1
464.68799456379287,39.27672709192939,21.807094136918245,10.48350381844422,1
278.3814465069649,90.34101375908358,10.676467082116035,8.920941767773948,1
285.8063447349499,94.59300333593761,14.352893965017858,14.008026040963623,1
139.98954683014207,64.09433431732552,24.477493622152235,6.422515251654397,0
384.74646659596846,72.43770564256842,27.250260455660634,1.9263126436821663,1
93.52187427876169,83.53668606320969,24.15014115392042,1.2681767977175407,0
161.83961820212184,42.23870390822888,28.582818744423285,12.576019853618543,1
212.71821930820838,65.17962535244098,30.829608621698853,8.346298927260051,1
253.80518934222752,57.906411944061915,10.347333739474248,11.85341672568929,1
121.20486620754012,40.246179451357435,26.243330580872637,4.281958400161206,0
57.41841236960177,55.727409560407196,43.72247343106559,5.8311724371852725,0
305.3100212208163,34.77206165698455,28.166129804534204,1.4214542109584651,0
144.3152766201279,31.80683348646409,33.713979361063366,14.46089254403757,1
290.6191107113061,39.461640240837596,20.91523502709091,10.350150693811388,1
77.18135763710116,97.41805781124216,37.08969823534669,14.064871228630286,1
240.57005092740874,68.46706751265118,37.05225186566403,4.716949704007012,0
266.29471627579295,97.6075512807254,28.245361667894862,9.560490557159252,1
25.911768411213455,60.27485148310924,44.160483814772476,10.49899955609693,0
168.3021390969603,51.82712931596817,14.394257516692868,5.445695803606238,0
67.20733846948713,65.42993039881708,10.593168271135335,12.873529290218821,1
31.68748523638387,60.76581820430371,36.955537411498355,14.26026048060347,1
494.9801161949726,37.39652789832208,38.25044380777089,13.387971647744061,1
161.17692248736148,74.85784202831444,14.207253019220168,11.346937663151216,1
404.9372229273174,45.12267277567197,19.295399153551212,4.884505516149357,1
127.32032738188192,73.37115684284808,10.614332717832012,4.942624589478845,0
340.7513611119646,75.51407646787074,20.265801377319764,14.487044486244532,1
380.1139299448433,40.64173971900537,37.0599655871535,1.1439829430996884,0
297.81937030392214,34.29447389774677,28.128618469940264,11.024699625390022,1
235.78809427507917,84.65331102479078,22.183345760890084,10.887446275773671,1
205.92045707363425,62.18602966385241,23.01087532172156,9.717653573297165,1
174.43413327149764,34.0714656853833,10.047376900041385,14.861523845216121,1
464.7645721239129,99.6406422018837,20.493018464783255,5.366312100692153,1
415.3097038938646,34.044639269745666,32.626055957327566,5.759606093105474,1
482.5134553332563,78.65246602009873,44.0968055335725,2.1051516412517777,1
62.14861174277237,98.85752476843895,39.64712894443648,7.199173911612324,0
365.43373760182214,46.742607295114794,10.825823762593519,4.654679367287873,1
469.1702284105189,39.95745580810373,41.449621163619376,5.807413830487019,1
90.61653308283007,38.496945759570025,37.41194446545191,12.684005063578788,0
33.248133683388744,51.22926032973169,37.313164324984314,14.09678318938494,1
370.56032464502954,37.073206770745266,26.029851565125,3.6002630080725986,0
287.23655658995597,78.45129391858924,23.9301852534076,6.215125041748522,1
420.914388379136,34.36042586910439,20.602050509161742,14.000827869615517,1
69.88618831314474,65.65954897048528,12.299320063402803,1.8653184496491169,0
397.6336559299451,99.76877976970837,17.988237722279468,2.2930473935592994,1
100.81366002387226,86.97791886542132,18.631127224230863,3.279073848887211,0
81.82797143285225,73.06536067617077,26.942697439857056,9.332979677776247,0
82.13289896549647,51.43775345506282,36.16055423088429,3.106611794083965,0
407.28736011569106,73.6727085404147,26.583343993928132,14.55306934031027,1
332.59861034810007,66.89290247381561,12.024555730650622,7.254003381619285,1
261.53271238455966,59.82583687232601,43.522643034587134,8.02125144490233,1
179.41524206175126,39.14972637181396,42.99535116829393,4.45322062127569,0
438.60027040655416,92.06229506683266,37.4816340101943,7.593443534086269,1
196.2225537113177,61.484925417492576,44.69647655474772,10.266790856918162,1
408.2997197357885,43.62357582745356,29.056881648009202,11.516479917356598,1
219.56745428510922,55.74315456141027,43.69689225886221,11.554153157938782,1
188.4722147124538,58.989082677024896,12.646176421586278,9.090475577717237,1
231.3398928348032,87.9276526896812,22.798826189147995,13.661036849914002,1
150.68893708207105,81.35300663929814,17.888344380236802,12.443709862285532,1
373.80469008812554,83.85134255489379,16.854157944699452,11.598673605780757,1
251.36019504623957,30.772188510005304,14.928103211243663,1.7784773035264487,0
116.10634757340866,59.130779872583304,31.78447745480988,1.0962914710750904,0
449.78728663728424,63.69409061447266,37.346264951155675,3.9742618807366217,1
191.9456106866057,31.343459377613968,30.240443979712623,10.289330314788332,0
271.7764305569943,48.186924612152396,15.14369483558734,6.756764844355642,0
453.23605548227346,83.22028761854945,38.38933194767148,6.633687630190364,1
312.11899795699605,39.597679401029936,32.258414750730495,13.384216435214592,1
58.44902035418203,67.47170920168142,23.585799714444843,13.537879873845743,1
469.91606180673756,45.06413104120662,33.594560343762204,13.7284536967502,1
313.85402653570895,30.84845422507253,19.096674273499147,5.394293071210383,0
167.45280732854306,46.8841020319679,22.08172729729737,10.674781378349664,1
69.63603633169363,98.31116284370377,42.11200450961966,4.802864537841175,0
397.012594635148,86.10759783180927,20.167657698499713,3.6685376630422972,1
310.03637796425676,97.17036510247233,26.44958938552778,3.584854402863169,1
266.73054598816077,64.14978307484537,41.15493980886051,5.789506692090317,0
446.94629152547884,37.68153390742525,34.77024725936346,7.019406676917504,1
394.29860561226536,68.35716422815851,12.177112915764596,12.633288394770958,1
75.83743986637559,61.80641341919726,15.155606549763963,2.678475308617969,0
155.86103389777412,89.10499579177312,10.27445567701709,11.288961863528518,1
124.24456990723287,36.86578065489712,32.08226265802072,8.440368798650276,0
371.9731462863385,64.17687959152448,25.66856988936464,5.0312347974638945,1
16.76621736788969,40.5034065285789,14.699619781579644,7.899474183459544,0
284.94484243565824,52.7273148823042,43.52769423698697,5.199188976878317,0
381.22934287034525,81.61499541714598,28.538090338096698,9.345147373336284,1
438.3828183808747,63.32126905581366,18.46626529395112,7.073814919973419,1
171.04087435795373,56.31217996020385,27.521124990414766,3.301677407104302,0
410.62865233600644,57.61333949990247,33.78671164572877,2.6321630437797543,1
55.315868477603615,62.16127378841907,12.668372629074756,8.653739549009822,0
423.2261458672591,84.95115806859398,19.61463352667622,13.633782466005448,1
63.744331165991206,92.4459282258164,38.24379218093978,5.815407611807598,0
198.64364528018365,96.87342805527499,26.088270464093142,11.262001501116725,1
398.64768288977683,85.08323703787066,29.13019997113032,10.221258969156738,1
74.95871367438689,52.07848270236089,25.148560077331425,14.041768800332735,1
114.62569761632075,78.16942942605795,11.53649799250518,12.493734242187973,1
361.12628419653316,60.63221868387743,15.801242293705457,8.932473624676483,1
360.01826827303717,47.82694354322358,25.593957355966182,10.198426975277503,1
320.57381644264865,88.86101055981459,17.321491289277475,13.577410532176488,1
346.97422223355,32.68984442736275,11.749266003088756,6.593262984217088,1
271.3622216737981,93.12333944947964,39.527738241813836,5.575125882008884,1
125.89952945347638,62.30342252373139,44.34173852074405,1.1513551708927487,0
172.84799675195973,74.60410337657963,37.76000058988588,12.5717150386805,1
90.79885840071283,76.15477455440478,39.882472259663345,12.213729805647109,1
454.2252806668142,92.65824184945754,18.469199561096588,2.4623632534021196,1
291.69589738306024,74.56687775170451,43.62194414296199,9.076003335857804,1
200.42570838181996,72.97535093320433,16.892399655869994,7.4957437743364235,1
231.00290182206635,34.6656428392483,43.30004336266413,2.6619273371275605,0
473.64166980590767,66.28856153616428,44.818675288808286,14.727955178850129,1
76.6757015580401,40.51183005719292,34.9102982011117,4.005742424486976,0
293.1149160083986,81.62036381050399,44.34003061271377,1.941278521267856,0
252.944339442233,65.85553445688721,29.93389228484863,9.327863313026734,1
305.7271177173239,77.61594454458474,19.083962411163164,11.344133479862457,1
9.055091910420254,32.9171030421669,25.294855998296732,1.4542082446606175,0
436.06195447207574,35.935441123206225,30.77463273825751,10.22204694217831,1
466.0591412418062,80.14263716438776,12.557854670945524,8.452086263320362,1
282.56659179460445,35.045903519907135,31.782014261603614,2.445710124250678,0
348.3254119384461,34.9879709435681,44.34122428668031,3.4153342772490687,0
461.24969058864787,30.84759326644212,16.653767742430468,8.951640162425127,1
353.6193171566993,96.9550978809636,37.74082907009341,5.149006589186037,1
76.26952145713068,81.62558516213048,41.77645778228668,14.136420201118424,1
288.1441800834066,54.72759859514449,43.02955574870773,12.462363212776712,1
303.35752319142796,50.75749069013587,43.60474615419065,14.769940891191283,1
212.065335651193,54.479226082209465,28.251087355251517,4.635391745305796,0
368.22211781236143,84.22574718268274,44.20577677970263,14.576130859171679,1
467.18350738450744,76.29594277492902,36.50585724970536,7.037274177081811,1
462.78425645338814,42.96368975072276,15.658500268293666,5.865263134392565,1
225.41968570206606,42.18765347338591,26.69150372637895,1.7048933775709454,0
56.619022920377624,36.88769547993781,35.14159113802014,1.7387136100344367,0
492.4205994811673,76.22119037909367,18.65691105366792,10.688157583253165,1
419.4490432229671,83.50608635552152,32.421531424211054,7.411005922076391,1
62.33134060163342,48.55324998275028,33.33101676663168,4.17130276450548,0
460.42094130868617,31.466147272163898,15.694491033299805,9.595584288553257,1
434.94818103106417,35.75201672334991,29.77798593584647,4.540013655501556,1
259.4190285630361,97.75020243915213,37.00694188425127,9.086844560821916,1
295.63771787246463,50.68113442341942,27.461348258757965,6.028922457757664,0
199.50135193506512,83.84562034866934,10.42360908716376,12.529731172565466,1
27.380819411015665,73.72644981979846,10.316346417775225,12.48974625073491,1
167.59862082295047,56.73577477570271,22.496027038950427,7.682905573713619,0
401.42672429900574,44.398108353688855,42.41679239511237,5.911467530690218,1
2.3160115023014294,38.497049271158446,18.003687286126308,6.075837151827324,0
166.74958584557208,73.05090776272067,32.202729110509054,12.28000335935505,1
199.08434679547165,84.22436464464516,17.77265547426622,5.594512759166568,0
268.6978014689614,75.07329774787914,21.2584496380842,3.9268312318958443,0
459.92780820638023,67.12114932744109,39.681473136051935,2.1856367862542956,1
173.17299718298062,32.93658564021454,35.51015047944814,7.533703692381717,0
173.47660094811386,97.79421443160686,13.338974705962372,7.749849384877786,1
368.7506240548742,85.90999341582022,25.004570734525174,12.7727219456407,1
226.10897044490358,50.497542569067534,11.020941727584256,4.097341750244896,0
112.30241146999099,98.59792305511955,26.831155131105316,6.333877831357599,0
226.21975806634669,72.13171127454254,33.185190409537384,12.317680344511674,1
70.42851018989992,70.76958607450726,14.147591825935304,12.530730550485629,1
88.19349325311165,82.36512256006725,20.110972861820798,6.384555063702755,0
249.18388636973987,86.82388516630962,23.924281892575493,7.427736326013532,1
209.46272475227394,75.9535025132052,42.18358586296174,5.246002471889961,0
457.42295053405,38.966702245634,44.76392553980374,14.055768297870369,1
181.19694955831656,53.67872541961489,11.571895464846556,2.661012720382124,0
290.2941751390217,94.96585482282349,36.63527732233872,14.07249192202058,1
316.1321439597652,45.723092829069635,23.01034232408201,10.574130325694805,1
6.547228294166818,56.051691668625935,23.736036518031803,8.442010137614236,0
331.7686860083553,60.24538180609372,36.3992740671458,1.4572268509829422,0
89.01798343487572,60.758349278611654,42.1449251250893,7.658346685508116,0
480.5351587347276,72.90577077461678,43.282500807589194,6.708473470038252,1
74.33136387655648,96.01530864212953,30.19929051134123,3.257063367651716,0
207.31206186351187,46.84848982827535,22.499240575517597,10.189734449009197,1
42.67483403932193,38.50509634106427,37.56421800505727,14.596112703156,1
498.4371259229737,43.82293429019561,18.78504841418051,8.87064335490335,1
251.0975051656213,92.08474301464886,29.742591009173122,11.006545870215241,1
297.6925086600219,75.20675688586442,22.55024615337056,1.958306335924235,0
33.53823869421374,50.01347524674121,32.982087579775666,6.847337941437926,0
374.9802351995889,87.11628572780322,18.41396195127274,2.629018792302942,1
104.95279654779289,90.29589974544052,16.7057531007189,9.579141697511146,1
449.0271447203569,89.25600370831947,42.1383680336403,14.138750214998165,1
102.56982024100358,94.32485735476881,13.563128903233792,10.264888254602939,1
95.34386033183328,47.65687141213531,27.708526770722607,2.0752426764019014,0
18.27483392404744,82.85293501223947,17.729847403705314,5.965326869791159,0
236.03347255499963,62.2377648091898,11.362548716398361,8.709287312171922,1
282.4205666313082,88.9398987023043,11.260658640199924,6.644908585865531,1
32.854319714176185,80.99434740131292,16.132762023703958,12.671016146652413,1
387.7638083475053,84.35132125498072,40.336962407710004,12.405394065939849,1
226.6444173740138,75.93132863767501,19.886756039195934,9.5656342814451,1
262.19513466379004,42.42001386287948,43.26607097013535,6.228411231857874,0
220.38137346911407,68.15188432278569,30.356780254621775,4.574709232685418,0
200.381530437663,98.92688176671557,25.281496641906813,2.4822404549838106,0
279.82016565410896,95.61716465479833,30.30310921343091,5.968567568811757,1
77.62012296535626,33.02216150579082,28.084443482919372,6.784415240908073,0
90.96406524763556,41.5370371010606,36.557168881506385,10.46152095145703,0
430.8928105067587,39.22101414181933,19.887362309049827,10.214237540166028,1
473.05773106681636,80.81859369897069,22.356763706010582,1.9815139549775973,1
186.65465813987646,87.24497308998616,41.293300588663776,6.533630416036209,0
135.37233657177688,44.94579564174703,43.125977960264194,3.544904141043067,0
321.9997716195079,65.40968850662803,41.2395379620266,3.1953778744352794,0
204.3670855490482,88.849211960784,24.680679788505977,12.582230096321442,1
12.69317783017243,81.29610813363755,37.31279260524086,1.5868130340276054,0
78.07629868309517,67.95660438442938,26.671750665538458,6.868560262629699,0
357.9861144236988,71.32433833211411,27.413894825113577,3.354851180731255,1
329.4619709550757,65.58523828413959,17.16380381700494,13.310623019498637,1
13.547996251741745,50.828391592317445,30.689560614048077,8.79856718585049,0
110.98608096647472,69.55153950013113,16.514756421367178,4.239328909275873,0
115.5373982940357,78.22197114350635,21.60476446735178,8.033982020329269,0
335.9463717993642,91.13260411025654,39.92605705669773,11.240809035843622,1
9.855268877182077,74.54039477854737,17.247653322379932,14.413652124872073,1
52.05429099228692,83.27850759302106,12.490539981070148,4.086244059435865,0
399.9580426865947,41.20501444682011,12.415265741448572,13.406544809810832,1
89.27233102716681,62.309023209385295,42.92745821760877,14.080257598344863,1
326.37305392593737,30.653213387896532,27.742215328664212,13.829887623448927,1
119.09139052336326,47.26752051651361,24.32942251359564,9.895800996066738,0
49.72069637967258,80.85232005791033,38.38075033527714,9.817489162085907,0
121.58609549972704,99.42669659445544,39.253907476868065,6.644948864573519,0
361.1334659278296,36.94246697110511,21.62668615904616,11.533570352253031,1
427.84823405314285,58.10460211029017,34.276632011582834,8.438116256913048,1
415.1099322834958,86.00496780894116,36.98929855481603,10.484132997196122,1
198.5917648092274,44.28249442402292,32.912774040308406,6.998410653883136,0
334.04256828532306,68.85594645116004,15.305827618003478,11.240950496603947,1
102.49214770791049,81.31499072207723,40.655907923097,12.542601246463686,1
146.57386513050662,73.11898151821254,28.868309345760306,3.0501075924394256,0
448.1679092605599,43.16173142307913,19.88653492295013,12.661016018039192,1
6.500961755368017,54.87691980800176,24.882986490319286,8.5641514450643,0
42.75426542723404,84.8654249139778,11.314988163961758,12.82532272726314,1
103.94312757301365,68.79585598924116,14.475338042784614,7.038223888774205,0
13.266101936909857,30.366072948003893,36.79413626805513,6.306566795362491,0
90.71771754489866,83.26935320196657,10.000407216437814,13.810850255241114,1
291.5207804848461,32.47179484581673,24.579803996880226,4.516369745677618,0
210.71227529624898,82.20136479118625,28.287856337995596,12.818972554006002,1
446.3358555384874,44.173639211566616,11.91220470003403,7.776288015131658,1
408.7217808692204,97.06514360835662,44.05773570403165,8.197336195717636,1
170.90867584893797,55.75585259114591,17.914386593738516,5.318555940852776,0
129.71171671564625,52.88521314366554,20.646955187269832,9.02259080866622,0
189.84620408363344,40.422163523271124,20.63798792892596,5.552956747866959,0
295.1474712574039,51.39229508431504,18.06458317410725,1.5497717993831324,0
134.03182041143813,91.36555332797404,10.0515837730209,4.807980474820985,0
312.074453924567,99.7434036339073,35.52706779307987,1.0893066076922695,0
204.7058260956202,55.78166713547938,43.83959249297499,14.696967018795993,1
276.0235904259901,61.40274416681798,17.850271914976577,14.520460937476464,1
218.06326456765834,80.54496567419159,33.20665171311978,6.532174164612271,1
147.23287977095885,92.03370463255521,35.96637144355503,11.197191960755044,1
474.22665348107836,71.51310339307489,39.69488826816837,5.841285377745949,1
381.80289707988044,57.40679887244805,24.792021895476317,10.395304199203665,1
70.05658788322627,58.88352885940366,20.602581697415022,12.276020602643708,1
434.2339879489564,78.69327025477648,21.38532969080609,14.254587425691371,1
243.7155991247568,30.22527845229951,34.941746658447954,6.6029718618954085,0
447.2761134470457,73.37125362218885,38.58728132769726,11.966171761384668,1
399.9276279736576,54.884510730895016,16.356488871481094,4.722998308849663,1
212.60675223461672,85.59381318939589,22.982935285521783,14.864652253111077,1
11.2346541600587,36.50934478761925,41.56790688622025,1.360774382700916,0
134.33867969247305,71.17415868638733,38.23427318931587,9.449403291015694,1
270.8171073304335,63.668102292028664,44.47004409668666,10.23308374311858,1
316.73910991307366,74.96278681336591,36.39868908887283,10.632637799037804,1
128.94384271660115,34.53975161380778,23.761832035977278,2.685426103047246,0
69.67803703641206,70.59886511996919,30.672324189812322,14.139416968623825,1
417.46511839964955,69.30392115716666,33.13549889865621,3.536565906701159,1
492.2010903517761,69.24620660913197,12.745953571099339,9.718547645357775,1
262.8450911513429,72.24413666175184,29.057393568635277,4.11746510772319,0
85.83964292415175,77.35275560584535,34.82622899654133,5.301029838297793,0
136.15366325968446,86.34922997765389,15.856245640037113,8.650419584193742,1
9.195338273733366,48.887450408975,37.322110109894496,6.840707859904071,0
457.1494032802495,87.75345871260434,30.432047317993906,3.243158413671088,1
58.87554144507057,64.87789775844175,43.32776249941581,3.393109633891876,0
288.2582377571268,35.39407953940318,11.48478043724121,6.854027034279195,0
137.027610343603,34.098565047078544,19.286414814441343,11.60196169585701,0
277.0890012578967,53.39668230872425,31.05438577549384,13.57150505586904,1
325.7101941759321,84.94278839780273,20.379596927207572,2.1777872716313595,0
414.8709018536008,79.5376654318641,35.00484574249347,6.503454705831615,1
103.21063588030161,85.20304752706845,36.56518488826758,2.403437892120273,0
5.497914329240238,66.20883395091266,13.588058742326606,1.2322947288563704,0
68.44281503440364,60.81392985688434,27.98490624723687,10.264061557015392,0
450.00932092405253,40.32167686943988,27.811169445686957,9.434292187532229,1
436.9450387812576,52.97349275265181,22.924826957543935,3.282267593408407,1
298.70655108515416,60.381355632171264,42.65237018993852,4.273379663302897,0
300.2584302168267,36.202030077573205,38.96272119556274,1.3319085510232573,0
332.5183372731277,45.442836689784784,34.40232836683729,12.689260879721653,1
87.6856393117248,71.87577058446172,35.00143225072492,14.64566834467972,1
457.2059729624799,81.49641799674329,26.16006503345917,2.896433515125671,1
209.38526244603656,99.88432579750648,42.234808238380154,4.240652992714174,0
191.56926412474874,95.31793319404903,34.310839953864985,13.157733335257078,1
259.4588526414188,74.9795639674634,35.51433715795358,13.970493171386588,1
23.482983387527522,59.487363730585045,40.15918163255708,6.8747833592953445,0
83.1416843780397,74.5324155295763,19.592505626976685,1.7087146117670378,0
369.01680821318524,84.99561326561624,38.24748163533461,1.5514856716994716,1
41.39933396256323,38.28353336463711,16.83342110347722,9.035298124966147,0
301.5760547331941,58.693342278740175,22.086968328571075,6.500531524504506,1
122.67455484066048,88.7861599944932,21.746365899444495,1.4011339860871632,0
194.64780702098827,56.868306635313076,44.24839139361992,9.165533492375795,1
144.34686838534992,70.03105898590306,39.97880283117744,1.1582355122463146,0
177.83635823247457,71.14385526035387,34.54094515565909,12.023207414089821,1
359.52295259212275,42.91333771935476,35.446986656538655,5.290059517847202,1
148.5608578115875,55.356480915660185,29.672547804089987,1.5636120421292494,0
283.2023201484486,53.415790211935246,43.14817334879817,9.236931093764147,1
238.02520109954983,31.833769597244537,27.369056350882655,6.567581802062765,0
331.83558268132407,31.693423472394866,23.318119845446308,14.633205787000094,1
468.414869662379,88.21879305730414,15.706236792605685,8.61878127505183,1
366.28604860512513,49.11495669809687,37.51719782913703,4.8533485345181155,1
107.47018929537838,66.26551363671709,35.7055376226457,10.932144104875647,1
15.591567530642337,50.910790151214115,23.452426348344723,4.800888035597959,0
131.13202214991253,95.84754715807384,10.881769488573028,13.659406079705912,1
297.5389653501274,48.150773120604164,39.36490647013038,6.24610758710327,1
25.712906742125174,60.07597689172546,10.399629420892577,8.698159878866873,0
248.18312360061816,91.09111753392213,34.62949228701679,1.708023453539204,0
298.4214244584446,88.93534967542661,43.958998840411994,6.965697331331231,1
167.1219454084804,43.02709924923941,25.31814648518712,12.65308955525393,1
385.45610187291095,86.18503168569973,18.224069174858347,12.279083275086787,1
53.2991265668859,62.073082071652486,34.67048535151836,4.140459823949367,0
37.56889086790438,63.80782104597486,38.599484970545475,4.1651069941478776,0
364.0943781018017,39.34359806911606,29.125061062724654,12.442274370985315,1
247.74565810309923,35.64210596299873,43.84623463396512,14.025577882370557,1
344.201198213868,80.95575148816357,11.808405258028639,2.3350528978220497,0
217.4136693018731,64.75228066487098,27.667845940658484,7.300820951967154,0
123.2010166195534,60.57954918306257,35.14588815628925,5.724359905499206,0
409.5511588370999,81.06557600566777,40.19241649022126,13.189638376404151,1
399.7079394844896,83.58590292937768,16.273946416772652,2.1693488055202628,1
347.34823542721335,41.12357173685475,38.00012186172885,3.9557631958125237,0
136.07256861498135,72.71576046343489,29.344747650149085,11.534556726210921,1
295.1153334345436,39.474785759437985,23.87937886964871,1.7181138857370182,0
180.4869484700134,82.5962560220332,14.610026000268274,7.89549533000005,1
45.79103666331707,75.98686093869976,40.285351561811936,7.18949848551608,0
458.65678773112137,96.96302347584206,15.504562286290037,5.681616505842481,1
68.4093154594807,34.82706114494948,20.842575072318475,6.5240124144649325,0
475.11867691040123,33.9938304805878,20.15159361868529,8.41916821702326,1
223.00288647897787,49.75309522852401,40.4994911966799,3.2591430174373635,0
